<?xml version="1.0" encoding="UTF-8" standalone="yes"?>
<addon id="repository.mscreations" name="mscreations's XBMC Addons" version="1.0.0" provider-name="mscreations">
	<extension point="xbmc.addon.repository" name="mscreations's XBMC Addon Repository">
		<info compressed="false">https://github.com/mscreations/mscreations-xbmc-addons/raw/master/addons.xml</info>
		<checksum>https://github.com/mscreations/mscreations-xbmc-addons/raw/master/addons.xml.md5</checksum>
		<datadir zip="true">https://github.com/mscreations/mscreations-xbmc-addons/raw/master/repo/</datadir>
	</extension>
	<extension point="xbmc.addon.metadata">
		<summary>Install mscreations's Addons</summary>
		<description>Download and install addons by mscreations</description>
		<platform>all</platform>
	</extension>
</addon>
