<?xml version="1.0" encoding="UTF-8"?>
<addon id="plugin.video.watchseries.eu" version="2.0.1" name="watchseries.eu" provider-name="mscreations (originator: rogerThis)">
    <requires>
        <import addon="xbmc.python" version="1.0"/>
        <import addon="script.module.urlresolver" version="0.0.1"/>
        <import addon="script.module.t0mm0.common" version="0.0.1"/>
    </requires>
    <extension point="xbmc.python.pluginsource" library="default.py">
        <provides>video</provides>
    </extension>
    <extension point="xbmc.addon.metadata">
        <summary>Browse watchseries.eu</summary>
        <description>Visit www.xbmchub.com for support.
            
Play a wide selection of TV shows from watchseries.eu</description>
        <platform>all</platform>
    </extension>
</addon>